País,Indicador,Código CINE,Nivel CINE,Población,2018,2019,2020,2021,2022,2023
Argentina,3,CINE-02,Educación pre-primaria,Total,0.759812488,0.782244632,0.745942124,0.70023306,,
Argentina,3,CINE-02,Educación pre-primaria,Hombres,,,,,,
Argentina,3,CINE-02,Educación pre-primaria,Mujeres,,,,,,
Argentina,3,CINE-1,Educación primaria,Total,1.34055571,1.27374298,1.161743992,1.063678864,,
Argentina,3,CINE-1,Educación primaria,Hombres,,,,,,
Argentina,3,CINE-1,Educación primaria,Mujeres,,,,,,
Argentina,3,CINE-2,Educación secundaria baja,Total,,,,,,
Argentina,3,CINE-2,Educación secundaria baja,Hombres,,,,,,
Argentina,3,CINE-2,Educación secundaria baja,Mujeres,,,,,,
Argentina,3,CINE-3,Educación secundaria alta,Total,3.93139229,3.837787232,3.479300099,3.010840257,,
Argentina,3,CINE-3,Educación secundaria alta,Hombres,,,,,,
Argentina,3,CINE-3,Educación secundaria alta,Mujeres,,,,,,
Argentina,3,Total,Total,Total,,,,,,
Argentina,3,CINE-3,Educación secundaria alta,Hombres,,,,,,
Argentina,3,CINE-3,Educación secundaria alta,Mujeres,,,,,,
Argentina,5,CINE-1,Educación primaria,Total,,,,,,
Argentina,5,CINE-1,Educación primaria,Hombres,,,,,,
Argentina,5,CINE-1,Educación primaria,Mujeres,,,,,,
Argentina,5,CINE-1,Educación primaria,Urbano,,,,,,
Argentina,5,CINE-1,Educación primaria,Rural,,,,,,
Argentina,5,CINE-2,Educación secundaria baja,Total,,,,,,
Argentina,5,CINE-2,Educación secundaria baja,Hombres,,,,,,
Argentina,5,CINE-2,Educación secundaria baja,Mujeres,,,,,,
Argentina,5,CINE-2,Educación secundaria baja,Urbano,,,,,,
Argentina,5,CINE-2,Educación secundaria baja,Rural,,,,,,
Argentina,5,CINE-3,Educación secundaria alta,Total,,,,,,
Argentina,5,CINE-3,Educación secundaria alta,Hombres,,,,,,
Argentina,5,CINE-3,Educación secundaria alta,Mujeres,,,,,,
Argentina,5,CINE-3,Educación secundaria alta,Urbano,,,,,,
Argentina,5,Total,Total,Rural,,,,,,
Argentina,5,Total,Total,Total,,,,,,
Argentina,5,CINE-3,Educación secundaria alta,Hombres,,,,,,
Argentina,5,CINE-3,Educación secundaria alta,Mujeres,,,,,,
Argentina,5,CINE-3,Educación secundaria alta,Urbano,,,,,,
Argentina,5,CINE-3,Educación secundaria alta,Rural,,,,,,
Argentina,6,CINE-02,Educación pre-primaria,Total,,,,,,
Argentina,6,CINE-02,Educación pre-primaria,Hombres,,,,,,
Argentina,6,CINE-02,Educación pre-primaria,Mujeres,,,,,,
Argentina,6,CINE-02,Educación pre-primaria,Urbano,,,,,,
Argentina,6,CINE-02,Educación pre-primaria,Rural,,,,,,
Argentina,6,CINE-1,Educación primaria,Total,,,,,,
Argentina,6,CINE-1,Educación primaria,Hombres,,,,,,
Argentina,6,CINE-1,Educación primaria,Mujeres,,,,,,
Argentina,6,CINE-1,Educación primaria,Urbano,,,,,,
Argentina,6,CINE-1,Educación primaria,Rural,,,,,,
Argentina,6,CINE-2,Educación secundaria baja,Total,,,,,,
Argentina,6,CINE-2,Educación secundaria baja,Hombres,,,,,,
Argentina,6,CINE-2,Educación secundaria baja,Mujeres,,,,,,
Argentina,6,CINE-2,Educación secundaria baja,Urbano,,,,,,
Argentina,6,CINE-2,Educación secundaria baja,Rural,,,,,,
Argentina,7,CINE-1,Educación primaria,Total,,,,,,
Argentina,7,CINE-1,Educación primaria,Hombres,,,,,,
Argentina,7,CINE-1,Educación primaria,Mujeres,,,,,,
Argentina,7,CINE-1,Educación primaria,Urbano,,,,,,
Argentina,7,CINE-1,Educación primaria,Rural,,,,,,
Argentina,7,CINE-2,Educación secundaria baja,Total,,,,,,
Argentina,7,CINE-2,Educación secundaria baja,Hombres,,,,,,
Argentina,7,CINE-2,Educación secundaria baja,Mujeres,,,,,,
Argentina,7,CINE-2,Educación secundaria baja,Urbano,,,,,,
Argentina,7,CINE-2,Educación secundaria baja,Rural,,,,,,
Argentina,7,CINE-3,Educación secundaria alta,Total,,,,,,
Argentina,7,CINE-3,Educación secundaria alta,Hombres,,,,,,
Argentina,7,CINE-3,Educación secundaria alta,Mujeres,,,,,,
Argentina,7,CINE-3,Educación secundaria alta,Urbano,,,,,,
Argentina,7,CINE-3,Educación secundaria alta,Rural,,,,,,
Argentina,7,Total,Total,Total,,,,,,
Argentina,7,Total,Total,Hombres,,,,,,
Argentina,7,Total,Total,Mujeres,,,,,,
Argentina,7,Total,Total,Urbano,,,,,,
Argentina,7,Total,Total,Rural,,,,,,
Argentina,8,CINE-1,Educación primaria,Total,,,,,,
Argentina,8,CINE-1,Educación primaria,Hombres,,,,,,
Argentina,8,CINE-1,Educación primaria,Mujeres,,,,,,
Argentina,8,CINE-2,Educación secundaria baja,Total,,,,,,
Argentina,8,CINE-2,Educación secundaria baja,Hombres,,,,,,
Argentina,8,CINE-2,Educación secundaria baja,Mujeres,,,,,,
Argentina,8,CINE-3,Educación secundaria alta,Total,,,,,,
Argentina,8,CINE-3,Educación secundaria alta,Hombres,,,,,,
Argentina,8,CINE-3,Educación secundaria alta,Mujeres,,,,,,
Argentina,8,Total,Total,Total,,,,,,
Argentina,8,Total,Total,Hombres,,,,,,
Argentina,8,Total,Total,Mujeres,,,,,,
Argentina,4,Total,Total,Total,,,,,,
Chile,3,CINE-02,Educación pre-primaria,Total,2.288382332,2.149945047,1.917195841,1.806973765,,
Chile,3,CINE-02,Educación pre-primaria,Hombres,2.384768657,2.311612613,2.161762596,2.112853747,,
Chile,3,CINE-02,Educación pre-primaria,Mujeres,2.186635348,1.979098184,1.659209054,1.485602665,,
Chile,3,CINE-1,Educación primaria,Total,3.218783379,4.459873502,5.082099139,5.500225347,,
Chile,3,CINE-1,Educación primaria,Hombres,3.370864268,4.71677152,5.528265547,6.006465371,,
Chile,3,CINE-1,Educación primaria,Mujeres,3.056593951,4.186120134,4.60486053,4.958149768,,
Chile,3,CINE-2,Educación secundaria baja,Total,3.157430733,4.154312722,4.495617804,4.809826329,,
Chile,3,CINE-2,Educación secundaria baja,Hombres,3.248787506,4.305132448,4.772499188,5.187186853,,
Chile,3,CINE-2,Educación secundaria baja,Mujeres,3.060144399,3.993897926,4.198624336,4.404563967,,
Chile,3,CINE-3,Educación secundaria alta,Total,1.561342806,2.194678607,2.578854912,2.820386701,,
Chile,3,CINE-3,Educación secundaria alta,Hombres,1.541276642,2.197706097,2.616191276,2.882338394,,
Chile,3,CINE-3,Educación secundaria alta,Mujeres,1.581802642,2.191552227,2.540403655,2.756466388,,
Chile,3,Total,Total,Total,2.594329245,3.395332156,3.781152585,4.059471182,,
Chile,3,CINE-3,Educación secundaria alta,Hombres,2.688155802,3.557659118,4.067203261,4.400963807,,
Chile,3,CINE-3,Educación secundaria alta,Mujeres,2.495694821,3.22414474,3.47892413,3.698546727,,
Chile,5,CINE-1,Educación primaria,Total,,3.405148067,2.463253343,1.011853875,1.861975323,
Chile,5,CINE-1,Educación primaria,Hombres,,4.202747089,3.051313944,1.130276895,2.011458203,
Chile,5,CINE-1,Educación primaria,Mujeres,,2.467076383,1.757173271,0.859782577,1.668068025,
Chile,5,CINE-1,Educación primaria,Urbano,,3.442377141,2.457868341,1.025668349,1.868068434,
Chile,5,CINE-1,Educación primaria,Rural,,2.61143629,2.588317594,0.697392359,1.710445938,
Chile,5,CINE-2,Educación secundaria baja,Total,,3.373341756,1.961724783,0.815494393,1.532991819,
Chile,5,CINE-2,Educación secundaria baja,Hombres,,4.154761905,2.469468391,0.943177426,1.684008762,
Chile,5,CINE-2,Educación secundaria baja,Mujeres,,2.489905787,1.379594358,0.659817136,1.341991342,
Chile,5,CINE-2,Educación secundaria baja,Urbano,,3.41588386,2.007072065,0.820431388,1.555326896,
Chile,5,CINE-2,Educación secundaria baja,Rural,,2.306425041,0.779220779,0.687285223,0.898876404,
Chile,5,CINE-3,Educación secundaria alta,Total,,3.607729954,2.477665801,1.514164143,3.079777365,
Chile,5,CINE-3,Educación secundaria alta,Hombres,,4.444164673,3.278546713,1.847024652,3.77640559,
Chile,5,CINE-3,Educación secundaria alta,Mujeres,,2.77673546,1.648302428,1.161137441,2.328190743,
Chile,5,CINE-3,Educación secundaria alta,Urbano,,3.638445392,2.471448965,1.501069415,3.07755437,
Chile,5,Total,Total,Rural,,1.382488479,2.931596091,2.419354839,3.241895262,
Chile,5,Total,Total,Total,,3.438652569,2.37348223,1.078108155,2.057680536,
Chile,5,CINE-3,Educación secundaria alta,Hombres,,4.237857888,2.987616355,1.232569368,2.298924427,
Chile,5,CINE-3,Educación secundaria alta,Mujeres,,2.536317236,1.663896689,0.889197638,1.758164617,
Chile,5,CINE-3,Educación secundaria alta,Urbano,,3.476594929,2.377541462,1.087000543,2.070137494,
Chile,5,CINE-3,Educación secundaria alta,Rural,,2.463054187,2.261178862,0.836451684,1.686746988,
Chile,6,CINE-02,Educación pre-primaria,Total,0.035263418,0.021971583,0.025054284,0.02824061,0.016709368,
Chile,6,CINE-02,Educación pre-primaria,Hombres,0.03953611,0.013257325,0.014427932,0.031426776,0.01922892,
Chile,6,CINE-02,Educación pre-primaria,Mujeres,0.030344409,0.032727868,0.039658933,0.02347969,0.013239772,
Chile,6,CINE-02,Educación pre-primaria,Urbano,0.037108505,0.023055641,0.026378264,0.01980002,0.017619076,
Chile,6,CINE-02,Educación pre-primaria,Rural,0,0,0,0.191570881,0,
Chile,6,CINE-1,Educación primaria,Total,5.434519487,4.278206128,3.829222544,3.487809198,3.296298004,
Chile,6,CINE-1,Educación primaria,Hombres,6.33771275,5.123455157,4.58919655,4.11282566,3.696590667,
Chile,6,CINE-1,Educación primaria,Mujeres,4.372256365,3.263321788,2.853312349,2.677045757,2.783270922,
Chile,6,CINE-1,Educación primaria,Urbano,5.40643281,4.256088194,3.82560974,3.473305413,3.29250207,
Chile,6,CINE-1,Educación primaria,Rural,6.033318325,4.791885275,3.911461492,3.84850336,3.381747236,
Chile,6,CINE-2,Educación secundaria baja,Total,12.34996841,9.626360977,8.329085967,7.355302393,5.811821542,
Chile,6,CINE-2,Educación secundaria baja,Hombres,14.42857143,11.32363506,9.748743719,8.625410734,6.838730025,
Chile,6,CINE-2,Educación secundaria baja,Mujeres,10,7.680428292,6.598171364,5.748917749,4.53804525,
Chile,6,CINE-2,Educación secundaria baja,Urbano,12.2971819,9.592111161,8.244012174,7.297767928,5.801572898,
Chile,6,CINE-2,Educación secundaria baja,Rural,13.6738056,10.51948052,10.53837342,8.988764045,6.072252114,
Chile,7,CINE-1,Educación primaria,Total,6.88896958,6.725576829,2.86458001,4.538638645,8.670877322,
Chile,7,CINE-1,Educación primaria,Hombres,7.248432368,6.85420912,3.020880617,4.656463012,8.998539092,
Chile,7,CINE-1,Educación primaria,Mujeres,6.46619842,6.571128976,2.66386873,4.385798367,8.250936172,
Chile,7,CINE-1,Educación primaria,Urbano,6.912208823,6.710944442,2.899844152,4.51112121,8.630419291,
Chile,7,CINE-1,Educación primaria,Rural,6.393516434,7.065407485,2.06185567,5.222968845,9.581617169,
Chile,7,CINE-2,Educación secundaria baja,Total,5.331648768,5.199290134,2.454977914,3.44445294,6.251273246,
Chile,7,CINE-2,Educación secundaria baja,Hombres,5.726190476,5.378951149,2.690374952,3.566538883,6.512825904,
Chile,7,CINE-2,Educación secundaria baja,Mujeres,4.885598923,4.993307938,2.167970591,3.29004329,5.926843581,
Chile,7,CINE-2,Educación secundaria baja,Urbano,5.360310057,5.219383435,2.456883243,3.458920374,6.300665457,
Chile,7,CINE-2,Educación secundaria baja,Rural,4.612850082,4.675324675,2.405498282,3.033707865,4.996156802,
Chile,7,CINE-3,Educación secundaria alta,Total,8.231898607,7.490208159,3.089661517,3.700455389,6.857340683,
Chile,7,CINE-3,Educación secundaria alta,Hombres,8.246254564,7.301038062,3.14292098,4.029899253,7.067101774,
Chile,7,CINE-3,Educación secundaria alta,Mujeres,8.217636023,7.686105886,3.033175355,3.345021038,6.628017169,
Chile,7,CINE-3,Educación secundaria alta,Urbano,8.224667642,7.494646681,3.079914447,3.713582273,6.809212305,
Chile,7,CINE-3,Educación secundaria alta,Rural,8.755760369,7.166123779,3.76344086,2.743142145,10.05385996,
Chile,7,Total,Total,Total,6.849028768,6.597536116,2.835111951,4.158066307,7.832364013,
Chile,7,Total,Total,Hombres,7.135736641,6.667989352,2.983442674,4.327991879,8.143073817,
Chile,7,Total,Total,Mujeres,6.52532391,6.51613273,2.653699201,3.947095518,7.449573073,
Chile,7,Total,Total,Urbano,6.874002171,6.597241354,2.856008877,4.143953271,7.800064406,
Chile,7,Total,Total,Rural,6.206896552,6.605691057,2.267224301,4.578313253,8.700355432,
Chile,8,CINE-1,Educación primaria,Total,3.419464185,4.52329008,4.74916492,5.380605929,6.77839523,
Chile,8,CINE-1,Educación primaria,Hombres,3.502972016,4.791220344,5.176931665,5.776323034,7.331323593,
Chile,8,CINE-1,Educación primaria,Mujeres,3.332958584,4.243221418,4.300398406,4.961719318,6.195365671,
Chile,8,CINE-2,Educación secundaria baja,Total,3.487683872,4.535163984,4.710494797,5.177791641,6.519635919,
Chile,8,CINE-2,Educación secundaria baja,Hombres,3.532093972,4.69992219,4.956523857,5.531417893,6.94613956,
Chile,8,CINE-2,Educación secundaria baja,Mujeres,3.441873624,4.364439459,4.453945141,4.804419671,6.074836547,
Chile,8,CINE-3,Educación secundaria alta,Total,1.635222166,2.320111108,2.832897484,3.243931509,3.804650692,
Chile,8,CINE-3,Educación secundaria alta,Hombres,1.63308403,2.336585787,2.860908419,3.290444061,3.808562382,
Chile,8,CINE-3,Educación secundaria alta,Mujeres,1.6370503,2.305799754,2.808167667,3.202388127,3.801137456,
Chile,8,Total,Total,Total,3.072306252,4.072440992,4.331506489,4.852854497,6.051976171,
Chile,8,Total,Total,Hombres,3.15225619,4.284331663,4.636808074,5.191637953,6.482789429,
Chile,8,Total,Total,Mujeres,2.99287604,3.859972149,4.02333067,4.507148468,5.6146554,
Chile,4,Total,Total,Total,72.20656218,72.57450331,72.86845311,72.68260964,70.49099025,
Colombia,3,CINE-02,Educación pre-primaria,Total,0.327479169,1.909576705,3.21789685,3.879549557,,
Colombia,3,CINE-02,Educación pre-primaria,Hombres,0.323670802,1.900316774,3.22210081,3.898477385,,
Colombia,3,CINE-02,Educación pre-primaria,Mujeres,0.33146222,1.919103606,3.213566945,3.860687206,,
Colombia,3,CINE-1,Educación primaria,Total,0.460845019,2.623365732,4.576966202,6.184179066,,
Colombia,3,CINE-1,Educación primaria,Hombres,0.454143511,2.561945007,4.482219771,6.073133534,,
Colombia,3,CINE-1,Educación primaria,Mujeres,0.468066844,2.689777265,4.679507232,6.304065615,,
Colombia,3,CINE-2,Educación secundaria baja,Total,0.198307755,1.281153171,2.373264733,3.115165652,,
Colombia,3,CINE-2,Educación secundaria baja,Hombres,0.186706945,1.209878428,2.227695114,2.941458988,,
Colombia,3,CINE-2,Educación secundaria baja,Mujeres,0.210201531,1.354228359,2.523261251,3.294444354,,
Colombia,3,CINE-3,Educación secundaria alta,Total,0.055030833,0.437326701,0.977051798,1.36358715,,
Colombia,3,CINE-3,Educación secundaria alta,Hombres,0.053134635,0.401087205,0.906193866,1.250477005,,
Colombia,3,CINE-3,Educación secundaria alta,Mujeres,0.056755443,0.470604801,1.043013545,1.468059427,,
Colombia,3,Total,Total,Total,0.30506718,1.799127386,3.185915626,4.184237459,,
Colombia,3,CINE-3,Educación secundaria alta,Hombres,0.301229203,1.763892128,3.121878686,4.112978893,,
Colombia,3,CINE-3,Educación secundaria alta,Mujeres,0.309033445,1.835516212,3.25228516,4.257971607,,
Colombia,5,CINE-1,Educación primaria,Total,,,,,,
Colombia,5,CINE-1,Educación primaria,Hombres,,,,,,
Colombia,5,CINE-1,Educación primaria,Mujeres,,,,,,
Colombia,5,CINE-1,Educación primaria,Urbano,,,,,,
Colombia,5,CINE-1,Educación primaria,Rural,,,,,,
Colombia,5,CINE-2,Educación secundaria baja,Total,,,,,,
Colombia,5,CINE-2,Educación secundaria baja,Hombres,,,,,,
Colombia,5,CINE-2,Educación secundaria baja,Mujeres,,,,,,
Colombia,5,CINE-2,Educación secundaria baja,Urbano,,,,,,
Colombia,5,CINE-2,Educación secundaria baja,Rural,,,,,,
Colombia,5,CINE-3,Educación secundaria alta,Total,,,,,,
Colombia,5,CINE-3,Educación secundaria alta,Hombres,,,,,,
Colombia,5,CINE-3,Educación secundaria alta,Mujeres,,,,,,
Colombia,5,CINE-3,Educación secundaria alta,Urbano,,,,,,
Colombia,5,Total,Total,Rural,,,,,,
Colombia,5,Total,Total,Total,,,,,,
Colombia,5,CINE-3,Educación secundaria alta,Hombres,,,,,,
Colombia,5,CINE-3,Educación secundaria alta,Mujeres,,,,,,
Colombia,5,CINE-3,Educación secundaria alta,Urbano,,,,,,
Colombia,5,CINE-3,Educación secundaria alta,Rural,,,,,,
Colombia,6,CINE-02,Educación pre-primaria,Total,,,,,,
Colombia,6,CINE-02,Educación pre-primaria,Hombres,,,,,,
Colombia,6,CINE-02,Educación pre-primaria,Mujeres,,,,,,
Colombia,6,CINE-02,Educación pre-primaria,Urbano,,,,,,
Colombia,6,CINE-02,Educación pre-primaria,Rural,,,,,,
Colombia,6,CINE-1,Educación primaria,Total,,,,,,
Colombia,6,CINE-1,Educación primaria,Hombres,,,,,,
Colombia,6,CINE-1,Educación primaria,Mujeres,,,,,,
Colombia,6,CINE-1,Educación primaria,Urbano,,,,,,
Colombia,6,CINE-1,Educación primaria,Rural,,,,,,
Colombia,6,CINE-2,Educación secundaria baja,Total,,,,,,
Colombia,6,CINE-2,Educación secundaria baja,Hombres,,,,,,
Colombia,6,CINE-2,Educación secundaria baja,Mujeres,,,,,,
Colombia,6,CINE-2,Educación secundaria baja,Urbano,,,,,,
Colombia,6,CINE-2,Educación secundaria baja,Rural,,,,,,
Colombia,7,CINE-1,Educación primaria,Total,,,,,,
Colombia,7,CINE-1,Educación primaria,Hombres,,,,,,
Colombia,7,CINE-1,Educación primaria,Mujeres,,,,,,
Colombia,7,CINE-1,Educación primaria,Urbano,,,,,,
Colombia,7,CINE-1,Educación primaria,Rural,,,,,,
Colombia,7,CINE-2,Educación secundaria baja,Total,,,,,,
Colombia,7,CINE-2,Educación secundaria baja,Hombres,,,,,,
Colombia,7,CINE-2,Educación secundaria baja,Mujeres,,,,,,
Colombia,7,CINE-2,Educación secundaria baja,Urbano,,,,,,
Colombia,7,CINE-2,Educación secundaria baja,Rural,,,,,,
Colombia,7,CINE-3,Educación secundaria alta,Total,,,,,,
Colombia,7,CINE-3,Educación secundaria alta,Hombres,,,,,,
Colombia,7,CINE-3,Educación secundaria alta,Mujeres,,,,,,
Colombia,7,CINE-3,Educación secundaria alta,Urbano,,,,,,
Colombia,7,CINE-3,Educación secundaria alta,Rural,,,,,,
Colombia,7,Total,Total,Total,,,,,,
Colombia,7,Total,Total,Hombres,,,,,,
Colombia,7,Total,Total,Mujeres,,,,,,
Colombia,7,Total,Total,Urbano,,,,,,
Colombia,7,Total,Total,Rural,,,,,,
Colombia,8,CINE-1,Educación primaria,Total,,,,,,
Colombia,8,CINE-1,Educación primaria,Hombres,,,,,,
Colombia,8,CINE-1,Educación primaria,Mujeres,,,,,,
Colombia,8,CINE-2,Educación secundaria baja,Total,,,,,,
Colombia,8,CINE-2,Educación secundaria baja,Hombres,,,,,,
Colombia,8,CINE-2,Educación secundaria baja,Mujeres,,,,,,
Colombia,8,CINE-3,Educación secundaria alta,Total,,,,,,
Colombia,8,CINE-3,Educación secundaria alta,Hombres,,,,,,
Colombia,8,CINE-3,Educación secundaria alta,Mujeres,,,,,,
Colombia,8,Total,Total,Total,,,,,,
Colombia,8,Total,Total,Hombres,,,,,,
Colombia,8,Total,Total,Mujeres,,,,,,
Colombia,4,Total,Total,Total,,,,,,
Ecuador,3,CINE-02,Educación pre-primaria,Total,0.925219755,1.975034394,2.618814045,2.499156446,1.915149239,
Ecuador,3,CINE-02,Educación pre-primaria,Hombres,0.9122509,1.927901325,2.654706566,2.499680458,1.891925312,
Ecuador,3,CINE-02,Educación pre-primaria,Mujeres,0.938076942,2.021762363,2.583019148,2.498635891,1.93814938,
Ecuador,3,CINE-1,Educación primaria,Total,0.985839905,1.646888566,2.144339061,2.341164246,2.235431172,
Ecuador,3,CINE-1,Educación primaria,Hombres,0.971542009,1.622154945,2.124132553,2.332011753,2.224952621,
Ecuador,3,CINE-1,Educación primaria,Mujeres,1.000532008,1.672182547,2.165011364,2.350525024,2.246081267,
Ecuador,3,CINE-2,Educación secundaria baja,Total,1.083434568,1.490533413,1.732813672,1.804163056,1.656005775,
Ecuador,3,CINE-2,Educación secundaria baja,Hombres,1.05651744,1.449604844,1.693002031,1.76511306,1.60001322,
Ecuador,3,CINE-2,Educación secundaria baja,Mujeres,1.11110421,1.532682718,1.773906002,1.844746784,1.713816526,
Ecuador,3,CINE-3,Educación secundaria alta,Total,0.829534316,1.12603594,1.2555145,1.31480962,1.237127057,
Ecuador,3,CINE-3,Educación secundaria alta,Hombres,0.805008748,1.097140539,1.190897723,1.242842656,1.166641677,
Ecuador,3,CINE-3,Educación secundaria alta,Mujeres,0.854004446,1.154836073,1.320035267,1.386792577,1.307780376,
Ecuador,3,Total,Total,Total,0.966641718,1.55231486,1.92667673,2.02511453,1.852647926,
Ecuador,3,CINE-3,Educación secundaria alta,Hombres,0.94819411,1.520123492,1.900302655,1.997653446,1.818162593,
Ecuador,3,CINE-3,Educación secundaria alta,Mujeres,0.985389274,1.584974268,1.953489897,2.053059854,1.8875878,
Ecuador,5,CINE-1,Educación primaria,Total,,0.472465746,0.510155279,0.405099784,0.39488269,
Ecuador,5,CINE-1,Educación primaria,Hombres,,0.54656296,0.557013893,0.446517166,0.412654746,
Ecuador,5,CINE-1,Educación primaria,Mujeres,,0.398531725,0.463668699,0.363527713,0.376849353,
Ecuador,5,CINE-1,Educación primaria,Urbano,,0.48809059,0.566132847,0.447373915,0.416195805,
Ecuador,5,CINE-1,Educación primaria,Rural,,0.407276677,0.251166128,0.19379845,0.284778585,
Ecuador,5,CINE-2,Educación secundaria baja,Total,,2.873833977,0.882432799,1.143963393,1.440740952,
Ecuador,5,CINE-2,Educación secundaria baja,Hombres,,3.850552802,1.004264686,1.383142215,1.78878569,
Ecuador,5,CINE-2,Educación secundaria baja,Mujeres,,1.919135457,0.763767922,0.908349831,1.094640821,
Ecuador,5,CINE-2,Educación secundaria baja,Urbano,,2.826772573,0.925390399,1.223972988,1.500375094,
Ecuador,5,CINE-2,Educación secundaria baja,Rural,,3.070175439,0.684670978,0.74204947,1.131541726,
Ecuador,5,CINE-3,Educación secundaria alta,Total,,2.683055776,0.9090001,1.310978329,1.556094704,
Ecuador,5,CINE-3,Educación secundaria alta,Hombres,,3.354240524,0.800985829,1.712457659,1.699115044,
Ecuador,5,CINE-3,Educación secundaria alta,Mujeres,,2.051808156,1.011279658,0.949313443,1.42789148,
Ecuador,5,CINE-3,Educación secundaria alta,Urbano,,2.675424543,0.837921954,1.3806914,1.638197982,
Ecuador,5,Total,Total,Rural,,2.719033233,1.267350634,0.927536232,1.132852729,
Ecuador,5,Total,Total,Total,,1.606317825,0.679071757,0.73726933,0.837136416,
Ecuador,5,CINE-3,Educación secundaria alta,Hombres,,2.045910892,0.716936268,0.878304695,0.945247506,
Ecuador,5,CINE-3,Educación secundaria alta,Mujeres,,1.17546939,0.641997954,0.598837041,0.730166544,
Ecuador,5,CINE-3,Educación secundaria alta,Urbano,,1.6042958,0.70925053,0.794995894,0.877696661,
Ecuador,5,CINE-3,Educación secundaria alta,Rural,,1.614959626,0.537525355,0.443931457,0.627490884,
Ecuador,6,CINE-02,Educación pre-primaria,Total,1.117129316,1.095100865,1.073258551,1.040159813,0.938451133,
Ecuador,6,CINE-02,Educación pre-primaria,Hombres,1.344827586,1.084378177,1.272229822,1.257600884,0.945992432,
Ecuador,6,CINE-02,Educación pre-primaria,Mujeres,0.897606383,1.105237866,0.869321368,0.824062629,0.931160625,
Ecuador,6,CINE-02,Educación pre-primaria,Urbano,1.102558768,1.132525333,1.025514808,1.040033017,0.95636581,
Ecuador,6,CINE-02,Educación pre-primaria,Rural,1.180744777,0.913900914,1.331557923,1.040799334,0.837988827,
Ecuador,6,CINE-1,Educación primaria,Total,4.987138432,5.723304531,5.194224221,5.828560872,8.05216211,
Ecuador,6,CINE-1,Educación primaria,Hombres,5.665335295,6.351238876,5.745187537,6.446584136,8.541888105,
Ecuador,6,CINE-1,Educación primaria,Mujeres,4.310435239,5.100355691,4.641203127,5.201451568,7.55910108,
Ecuador,6,CINE-1,Educación primaria,Urbano,4.744240531,5.498468339,4.971815443,5.713734462,7.967239683,
Ecuador,6,CINE-1,Educación primaria,Rural,6.000543036,6.76354503,6.305903399,6.421757084,8.490002984,
Ecuador,6,CINE-2,Educación secundaria baja,Total,6.746443042,7.731468911,6.24780007,6.551940998,8.820174883,
Ecuador,6,CINE-2,Educación secundaria baja,Hombres,7.472359893,8.763241161,6.82113725,6.891411535,9.721146398,
Ecuador,6,CINE-2,Educación secundaria baja,Mujeres,6.036892119,6.726517486,5.6830092,6.214367161,7.951717272,
Ecuador,6,CINE-2,Educación secundaria baja,Urbano,6.634738932,7.807981492,6.190208216,6.567550979,8.832879201,
Ecuador,6,CINE-2,Educación secundaria baja,Rural,7.212475634,7.379231647,6.537102473,6.471004243,8.754863813,
Ecuador,7,CINE-1,Educación primaria,Total,2.498818836,3.988776584,3.208489699,5.669222243,,
Ecuador,7,CINE-1,Educación primaria,Hombres,2.690771495,3.892694795,3.264536614,5.68088033,,
Ecuador,7,CINE-1,Educación primaria,Mujeres,2.307288936,4.084095528,3.152233455,5.657392761,,
Ecuador,7,CINE-1,Educación primaria,Urbano,2.362358454,4.017216643,3.256882102,5.730272043,,
Ecuador,7,CINE-1,Educación primaria,Rural,3.068150964,3.857194116,2.966607036,5.353837391,,
Ecuador,7,CINE-2,Educación secundaria baja,Total,4.852539339,4.887320119,4.828112167,7.855468527,,
Ecuador,7,CINE-2,Educación secundaria baja,Hombres,5.184902783,5.227679186,5.33159948,8.611397775,,
Ecuador,7,CINE-2,Educación secundaria baja,Mujeres,4.527669089,4.555808656,4.332129964,7.103762828,,
Ecuador,7,CINE-2,Educación secundaria baja,Urbano,4.964373321,4.949186152,4.952166573,7.92470845,,
Ecuador,7,CINE-2,Educación secundaria baja,Rural,4.385964912,4.60251046,4.204946996,7.496463932,,
Ecuador,7,CINE-3,Educación secundaria alta,Total,4.269098599,4.734791729,4.896102738,7.75537522,,
Ecuador,7,CINE-3,Educación secundaria alta,Hombres,4.717752932,5.319367427,5.325555137,8.548672566,,
Ecuador,7,CINE-3,Educación secundaria alta,Mujeres,3.847140292,4.181252431,4.509238854,7.044264636,,
Ecuador,7,CINE-3,Educación secundaria alta,Urbano,4.309516181,4.800095763,4.97470489,7.981220657,,
Ecuador,7,CINE-3,Educación secundaria alta,Rural,4.078549849,4.405552203,4.463768116,6.591143151,,
Ecuador,7,Total,Total,Total,3.529601375,4.357822693,3.887818267,6.537636774,,
Ecuador,7,Total,Total,Hombres,3.804200358,4.492560435,4.102685019,6.835079185,,
Ecuador,7,Total,Total,Mujeres,3.260464869,4.225898621,3.676917291,6.243334154,,
Ecuador,7,Total,Total,Urbano,3.503596407,4.402542923,3.962748764,6.62784021,,
Ecuador,7,Total,Total,Rural,3.640742315,4.148073022,3.50705851,6.071398287,,
Ecuador,8,CINE-1,Educación primaria,Total,1.080029833,1.515214787,1.801801802,1.799968852,,
Ecuador,8,CINE-1,Educación primaria,Hombres,1.05620287,1.495205488,1.775279472,1.77225278,,
Ecuador,8,CINE-1,Educación primaria,Mujeres,1.104661209,1.535917596,1.82936893,1.82850149,,
Ecuador,8,CINE-2,Educación secundaria baja,Total,1.051668163,1.27706309,1.503433669,1.505409513,,
Ecuador,8,CINE-2,Educación secundaria baja,Hombres,1.051142667,1.225504904,1.448308596,1.460011965,,
Ecuador,8,CINE-2,Educación secundaria baja,Mujeres,1.052189711,1.329073482,1.558626713,1.551700641,,
Ecuador,8,CINE-3,Educación secundaria alta,Total,0.681338099,0.757232778,1.00041744,1.083907657,,
Ecuador,8,CINE-3,Educación secundaria alta,Hombres,0.668121588,0.742553938,0.956482255,1.02681279,,
Ecuador,8,CINE-3,Educación secundaria alta,Mujeres,0.693941331,0.771292755,1.042860579,1.139942276,,
Ecuador,8,Total,Total,Total,0.946443386,1.199857443,1.450440052,1.470076384,,
Ecuador,8,Total,Total,Hombres,0.936129981,1.175720468,1.413462906,1.42986093,,
Ecuador,8,Total,Total,Mujeres,0.956702,1.224033172,1.487529234,1.510717216,,
Ecuador,4,Total,Total,Total,65.4176693,59.94406975,60.10414084,59.86436498,59.98517054,
Peru,3,CINE-02,Educación pre-primaria,Total,0.647017716,1.532684251,1.613725843,1.719074193,1.826303039,
Peru,3,CINE-02,Educación pre-primaria,Hombres,0.563429319,1.307757836,1.374065911,1.486526473,1.590172565,
Peru,3,CINE-02,Educación pre-primaria,Mujeres,0.732990629,1.763531887,1.859280555,1.956884935,2.06796672,
Peru,3,CINE-1,Educación primaria,Total,0.476082458,1.240871786,1.44895131,1.69366493,1.935998613,
Peru,3,CINE-1,Educación primaria,Hombres,0.45160059,1.154345233,1.34214833,1.564442938,1.774284765,
Peru,3,CINE-1,Educación primaria,Mujeres,0.50145727,1.330364071,1.559027108,1.82692323,2.102605623,
Peru,3,CINE-2,Educación secundaria baja,Total,0.279392151,0.750308864,0.982046876,1.156880192,1.266137975,
Peru,3,CINE-2,Educación secundaria baja,Hombres,0.270771111,0.697673905,0.916648309,1.080029067,1.16457863,
Peru,3,CINE-2,Educación secundaria baja,Mujeres,0.288438864,0.805350522,1.04986271,1.235000457,1.370352613,
Peru,3,CINE-3,Educación secundaria alta,Total,0.201420378,0.530155937,0.671876982,0.833359834,0.935403142,
Peru,3,CINE-3,Educación secundaria alta,Hombres,0.187280365,0.476291259,0.606514133,0.753666879,0.833304549,
Peru,3,CINE-3,Educación secundaria alta,Mujeres,0.216162087,0.585370162,0.738226805,0.913957575,1.041159802,
Peru,3,Total,Total,Total,0.433017791,1.103653732,1.279135924,1.465698921,1.632722248,
Peru,3,CINE-3,Educación secundaria alta,Hombres,0.400846165,1.000036132,1.160867601,1.336038043,1.477684393,
Peru,3,CINE-3,Educación secundaria alta,Mujeres,0.466425786,1.210784819,1.400799187,1.598432922,1.792221181,
Peru,5,CINE-1,Educación primaria,Total,,2.782812043,3.314533623,0.301805443,0.129328263,
Peru,5,CINE-1,Educación primaria,Hombres,,3.209009445,3.907539901,0.298051204,0.108342362,
Peru,5,CINE-1,Educación primaria,Mujeres,,2.384989262,2.782351004,0.305136464,0.147860373,
Peru,5,CINE-1,Educación primaria,Urbano,,2.770425269,3.288019089,0.288760147,0.129703713,
Peru,5,CINE-1,Educación primaria,Rural,,4.807692308,6.205250597,1.495016611,0.104275287,
Peru,5,CINE-2,Educación secundaria baja,Total,,3.388111179,5.433473811,0.29413461,0.071746305,
Peru,5,CINE-2,Educación secundaria baja,Hombres,,4.660670482,6.808106396,0.279160092,0.081309076,
Peru,5,CINE-2,Educación secundaria baja,Mujeres,,2.1345147,4.188181297,0.307692308,0.063245392,
Peru,5,CINE-2,Educación secundaria baja,Urbano,,3.401221996,5.451795841,0.290360046,0.072537357,
Peru,5,CINE-2,Educación secundaria baja,Rural,,0,1.587301587,0.840336134,0,
Peru,5,CINE-3,Educación secundaria alta,Total,,1.515151515,2.82546495,0.147295126,0.074199703,
Peru,5,CINE-3,Educación secundaria alta,Hombres,,2.059732235,3.381832481,0.058892815,0.023310023,
Peru,5,CINE-3,Educación secundaria alta,Mujeres,,1.023255814,2.361429977,0.221021611,0.116640747,
Peru,5,CINE-3,Educación secundaria alta,Urbano,,1.519607843,2.818671454,0.147968792,0.074730437,
Peru,5,Total,Total,Rural,,0,4.545454545,0,0,
Peru,5,Total,Total,Total,,2.799003322,3.705755617,0.285813699,0.11123704,
Peru,5,CINE-3,Educación secundaria alta,Hombres,,3.417558887,4.461402994,0.272450734,0.094195748,
Peru,5,CINE-3,Educación secundaria alta,Mujeres,,2.216848045,3.03056794,0.297653925,0.126222783,
Peru,5,CINE-3,Educación secundaria alta,Urbano,,2.793202789,3.691295986,0.275976266,0.11165699,
Peru,5,CINE-3,Educación secundaria alta,Rural,,3.875968992,5.555555556,1.324503311,0.079744817,
Peru,6,CINE-02,Educación pre-primaria,Total,0,0,0.007579203,0.025813113,0,
Peru,6,CINE-02,Educación pre-primaria,Hombres,0,0,0,0.016869096,0,
Peru,6,CINE-02,Educación pre-primaria,Mujeres,0,0,0.013318239,0.032761106,0,
Peru,6,CINE-02,Educación pre-primaria,Urbano,0,0,0.007681377,0.022581009,0,
Peru,6,CINE-02,Educación pre-primaria,Rural,0,0,0,0.182815356,0,
Peru,6,CINE-1,Educación primaria,Total,1.672025723,2.663774403,3.709691907,4.072300657,4.447089375,
Peru,6,CINE-1,Educación primaria,Hombres,1.913296198,3.127866447,4.325563622,4.655438458,4.935291552,
Peru,6,CINE-1,Educación primaria,Mujeres,1.44681813,2.247283503,3.163248008,3.557346631,4.022654294,
Peru,6,CINE-1,Educación primaria,Urbano,1.682253985,2.661938224,3.701214972,4.041130141,4.406784309,
Peru,6,CINE-1,Educación primaria,Rural,0,2.863961814,4.485049834,6.152241919,7.377866401,
Peru,6,CINE-2,Educación secundaria baja,Total,3.550415906,3.597230584,5.000288367,5.04615679,4.79548061,
Peru,6,CINE-2,Educación secundaria baja,Hombres,4.251839738,4.417352755,5.9594611,5.864417116,5.398012218,
Peru,6,CINE-2,Educación secundaria baja,Mujeres,2.859444221,2.85427424,4.131868132,4.318756776,4.270038168,
Peru,6,CINE-2,Educación secundaria baja,Urbano,3.564154786,3.59168242,5.005807201,5.038928381,4.771917779,
Peru,6,CINE-2,Educación secundaria baja,Rural,0,4.761904762,4.201680672,5.701754386,7.083333333,
Peru,7,CINE-1,Educación primaria,Total,3.08681672,5.106290672,0.308991287,0.563501717,1.763687514,
Peru,7,CINE-1,Educación primaria,Hombres,3.051586341,5.223812145,0.305693542,0.561410421,1.826377781,
Peru,7,CINE-1,Educación primaria,Mujeres,3.119701594,5.000823181,0.311917274,0.565348487,1.709185608,
Peru,7,CINE-1,Educación primaria,Urbano,3.093935651,5.115912524,0.312369468,0.565695712,1.767375536,
Peru,7,CINE-1,Educación primaria,Rural,1.923076923,4.057279236,0,0.417101147,1.49551346,
Peru,7,CINE-2,Educación secundaria baja,Total,3.164942179,4.635761589,0.178787704,0.483091787,1.512126747,
Peru,7,CINE-2,Educación secundaria baja,Hombres,3.107113655,4.860671311,0.18206093,0.569163533,1.440685693,
Peru,7,CINE-2,Educación secundaria baja,Mujeres,3.221908981,4.432013769,0.175824176,0.406577521,1.574427481,
Peru,7,CINE-2,Educación secundaria baja,Urbano,3.177189409,4.635160681,0.180023229,0.483582378,1.514826417,
Peru,7,CINE-2,Educación secundaria baja,Rural,0,4.761904762,0,0.438596491,1.25,
Peru,7,CINE-3,Educación secundaria alta,Total,2.394916911,3.969957082,0.241028388,0.508797965,1.333959605,
Peru,7,CINE-3,Educación secundaria alta,Hombres,2.98661174,3.81439245,0.176678445,0.536130536,1.512953368,
Peru,7,CINE-3,Educación secundaria alta,Mujeres,1.860465116,4.099704821,0.294695481,0.48600311,1.18556701,
Peru,7,CINE-3,Educación secundaria alta,Urbano,2.401960784,3.985637343,0.242130751,0.51243728,1.335227273,
Peru,7,CINE-3,Educación secundaria alta,Rural,0,0,0,0,1.176470588,
Peru,7,Total,Total,Total,3.044019934,4.912280702,0.274629685,0.540444109,1.666605009,
Peru,7,Total,Total,Hombres,3.057815846,5.032123406,0.267160429,0.560688975,1.711939733,
Peru,7,Total,Total,Mujeres,3.031035873,4.80519859,0.281247803,0.522641212,1.627349129,
Peru,7,Total,Total,Urbano,3.052064632,4.919660029,0.277230704,0.54233395,1.669538185,
Peru,7,Total,Total,Rural,1.550387597,3.968253968,0,0.398724083,1.430722892,
Peru,8,CINE-1,Educación primaria,Total,0.367945689,0.999708646,1.208610867,1.36429017,1.567049938,
Peru,8,CINE-1,Educación primaria,Hombres,0.364370837,0.931877297,1.117521026,1.278425233,1.456858585,
Peru,8,CINE-1,Educación primaria,Mujeres,0.37164018,1.069817735,1.302667514,1.45294549,1.681347439,
Peru,8,CINE-2,Educación secundaria baja,Total,0.284876735,0.681135862,0.937182222,1.112464116,1.31825293,
Peru,8,CINE-2,Educación secundaria baja,Hombres,0.275199178,0.617864287,0.857592447,1.006832718,1.192820249,
Peru,8,CINE-2,Educación secundaria baja,Mujeres,0.294654075,0.745063854,1.020081638,1.223799967,1.450683539,
Peru,8,CINE-3,Educación secundaria alta,Total,0.176714454,0.489622901,0.677888408,0.80909937,0.919164012,
Peru,8,CINE-3,Educación secundaria alta,Hombres,0.161750192,0.428682775,0.613476766,0.718315923,0.811900715,
Peru,8,CINE-3,Educación secundaria alta,Mujeres,0.192096339,0.551755277,0.742951301,0.901336464,1.030619568,
Peru,8,Total,Total,Total,0.283434093,0.740237673,0.959082203,1.111080274,1.288732881,
Peru,8,Total,Total,Hombres,0.274520231,0.676715663,0.880677509,1.018034247,1.174434013,
Peru,8,Total,Total,Mujeres,0.292561314,0.805124321,1.039732075,1.207307024,1.408039119,
Peru,4,Total,Total,Total,83.35762877,80.92111181,85.54443589,89.27545484,85.08283542,
Rep.Dom,3,CINE-02,Educación pre-primaria,Total,2.434572738,3.019114928,3.735316209,4.324926357,5.743509887,
Rep.Dom,3,CINE-02,Educación pre-primaria,Hombres,2.339282275,2.893095354,3.665976848,4.148029764,5.679040418,
Rep.Dom,3,CINE-02,Educación pre-primaria,Mujeres,2.531125917,3.146369853,3.805706744,4.502886734,5.808062841,
Rep.Dom,3,CINE-1,Educación primaria,Total,3.673147893,4.619747779,4.916166603,5.600803722,7.262318838,
Rep.Dom,3,CINE-1,Educación primaria,Hombres,3.505939661,4.360045811,4.667652934,5.386728846,6.945237737,
Rep.Dom,3,CINE-1,Educación primaria,Mujeres,3.857413171,4.903781215,5.185770778,5.829836605,7.603538385,
Rep.Dom,3,CINE-2,Educación secundaria baja,Total,1.936484657,2.089959194,2.450496553,3.096556467,3.643960516,
Rep.Dom,3,CINE-2,Educación secundaria baja,Hombres,1.729682521,1.866113414,2.247322681,2.806361471,3.277947545,
Rep.Dom,3,CINE-2,Educación secundaria baja,Mujeres,2.150089635,2.316673433,2.65540708,3.387182116,4.013770868,
Rep.Dom,3,CINE-3,Educación secundaria alta,Total,1.394849239,1.515080456,1.727945986,2.06730997,2.396986068,
Rep.Dom,3,CINE-3,Educación secundaria alta,Hombres,1.293332742,1.400712915,1.576405905,1.840885538,2.13640453,
Rep.Dom,3,CINE-3,Educación secundaria alta,Mujeres,1.481097877,1.613243551,1.859009931,2.261958373,2.615340924,
Rep.Dom,3,Total,Total,Total,2.779685725,3.36706201,3.729480921,4.312247848,5.519000003,
Rep.Dom,3,CINE-3,Educación secundaria alta,Hombres,2.658067918,3.201853041,3.573757611,4.134112197,5.301426552,
Rep.Dom,3,CINE-3,Educación secundaria alta,Mujeres,2.90515022,3.536200462,3.888553313,4.492024791,5.73919443,
Rep.Dom,5,CINE-1,Educación primaria,Total,,6.22225182,3.589241027,8.118620965,9.621103118,
Rep.Dom,5,CINE-1,Educación primaria,Hombres,,7.76328631,4.454777794,9.848255442,11.71892587,
Rep.Dom,5,CINE-1,Educación primaria,Mujeres,,4.678752333,2.747575161,6.429674409,7.547289779,
Rep.Dom,5,CINE-1,Educación primaria,Urbano,,5.408207035,3.067301965,6.963195623,8.803622972,
Rep.Dom,5,CINE-1,Educación primaria,Rural,,7.556232427,4.543429844,10.32448378,11.09024238,
Rep.Dom,5,CINE-2,Educación secundaria baja,Total,,4.816001554,3.145384684,14.22153369,7.156673114,
Rep.Dom,5,CINE-2,Educación secundaria baja,Hombres,,6.931964056,4.554494829,18.18334735,10.41329607,
Rep.Dom,5,CINE-2,Educación secundaria baja,Mujeres,,3.057777778,1.995781275,10.83991385,4.454478887,
Rep.Dom,5,CINE-2,Educación secundaria baja,Urbano,,4.862236629,3.245594468,14.19717773,6.896551724,
Rep.Dom,5,CINE-2,Educación secundaria baja,Rural,,4.653204565,2.741573034,14.32700248,8.24137931,
Rep.Dom,5,CINE-3,Educación secundaria alta,Total,,6.733576642,3.30726621,12.98990499,5.920550038,
Rep.Dom,5,CINE-3,Educación secundaria alta,Hombres,,7.06940874,4.502098436,15.01754386,7.083204454,
Rep.Dom,5,CINE-3,Educación secundaria alta,Mujeres,,6.484424666,2.416832528,11.50283067,5.107119671,
Rep.Dom,5,CINE-3,Educación secundaria alta,Urbano,,6.892430279,3.463203463,13.43036718,5.984363895,
Rep.Dom,5,Total,Total,Rural,,5,1.851851852,9.130434783,5.372405372,
Rep.Dom,5,Total,Total,Total,,6.030216844,3.499301751,9.517066814,8.848085998,
Rep.Dom,5,CINE-3,Educación secundaria alta,Hombres,,7.576988156,4.472236956,11.51729152,11.13866803,
Rep.Dom,5,CINE-3,Educación secundaria alta,Mujeres,,4.568852511,2.597604202,7.651133501,6.720126496,
Rep.Dom,5,CINE-3,Educación secundaria alta,Urbano,,5.483092376,3.141035609,9.015764198,8.080450469,
Rep.Dom,5,CINE-3,Educación secundaria alta,Rural,,7.163048965,4.299861015,10.69732252,10.59391894,
Rep.Dom,6,CINE-02,Educación pre-primaria,Total,0.494301799,0,0,0,0,
Rep.Dom,6,CINE-02,Educación pre-primaria,Hombres,0.425894378,0,0,0,0,
Rep.Dom,6,CINE-02,Educación pre-primaria,Mujeres,0.558362138,0,0,0,0,
Rep.Dom,6,CINE-02,Educación pre-primaria,Urbano,0.392156863,0,0,0,0,
Rep.Dom,6,CINE-02,Educación pre-primaria,Rural,0.778008299,0,0,0,0,
Rep.Dom,6,CINE-1,Educación primaria,Total,29.71719055,29.00792748,26.49689152,23.54916067,27.36700321,
Rep.Dom,6,CINE-1,Educación primaria,Hombres,31.84278236,30.92787165,28.62958851,25.63434636,29.24782379,
Rep.Dom,6,CINE-1,Educación primaria,Mujeres,27.5881987,27.14093404,24.4143641,21.48783977,25.51823575,
Rep.Dom,6,CINE-1,Educación primaria,Urbano,26.49413783,26.08695652,23.75186808,20.6927441,25.44391281,
Rep.Dom,6,CINE-1,Educación primaria,Rural,34.99882849,34.34793368,31.73751149,28.68258653,31.31850126,
Rep.Dom,6,CINE-2,Educación secundaria baja,Total,45.3830469,40.50576356,39.20216886,37.07730274,38.93861893,
Rep.Dom,6,CINE-2,Educación secundaria baja,Hombres,49.9572101,43.7947494,42.79226241,40.02059126,42.91101945,
Rep.Dom,6,CINE-2,Educación secundaria baja,Mujeres,41.58222222,37.82248905,36.13783202,34.63509885,35.66079938,
Rep.Dom,6,CINE-2,Educación secundaria baja,Urbano,42.82508415,37.93218827,37.07093822,35.30141404,37.67078297,
Rep.Dom,6,CINE-2,Educación secundaria baja,Rural,54.38981563,50.87640449,48.43104872,44.48275862,44.38487585,
Rep.Dom,7,CINE-1,Educación primaria,Total,5.261054875,4.205239487,2.4867848,8.148681055,6.627489779,
Rep.Dom,7,CINE-1,Educación primaria,Hombres,5.611746961,4.437029675,2.614313112,8.580157582,6.723416534,
Rep.Dom,7,CINE-1,Educación primaria,Mujeres,4.909801831,3.979841911,2.362256464,7.722142744,6.533197816,
Rep.Dom,7,CINE-1,Educación primaria,Urbano,3.671003717,3.051058531,1.616049039,8.743903653,5.761119972,
Rep.Dom,7,CINE-1,Educación primaria,Rural,7.866682287,6.315268498,4.149136805,7.078973258,8.407675782,
Rep.Dom,7,CINE-2,Educación secundaria baja,Total,4.641227304,3.610043785,2.56390395,8.463949843,7.683290708,
Rep.Dom,7,CINE-2,Educación secundaria baja,Hombres,5.156183141,3.639618138,2.640874685,10.76628916,8.261638185,
Rep.Dom,7,CINE-2,Educación secundaria baja,Mujeres,4.213333333,3.58591595,2.498205312,6.553575787,7.206068268,
Rep.Dom,7,CINE-2,Educación secundaria baja,Urbano,4.288742052,3.424046398,2.221586575,8.732324485,7.140042039,
Rep.Dom,7,CINE-2,Educación secundaria baja,Rural,5.882352941,4.359550562,4.046242775,7.344827586,10.01693002,
Rep.Dom,7,CINE-3,Educación secundaria alta,Total,6.332116788,3.893776474,3.696555819,10.86070792,10.93530239,
Rep.Dom,7,CINE-3,Educación secundaria alta,Hombres,6.812339332,3.777184281,3.438596491,13.48592638,11.91231612,
Rep.Dom,7,CINE-3,Educación secundaria alta,Mujeres,5.975842339,3.98066534,3.885743695,9.024020775,10.26653504,
Rep.Dom,7,CINE-3,Educación secundaria alta,Urbano,6.414342629,3.95021645,3.837247767,10.94527363,11.01992966,
Rep.Dom,7,CINE-3,Educación secundaria alta,Rural,5.434782609,3.367003367,2.463768116,10.13431013,10.1754386,
Rep.Dom,7,Total,Total,Total,5.252601641,4.090127833,2.601373365,8.453458552,7.136240591,
Rep.Dom,7,Total,Total,Hombres,5.634517766,4.276820859,2.679405961,9.327205972,7.303223878,
Rep.Dom,7,Total,Total,Mujeres,4.891773508,3.917104344,2.528579733,7.641743845,6.981181164,
Rep.Dom,7,Total,Total,Urbano,4.127556867,3.212952884,1.969185725,9.002629982,6.534645977,
Rep.Dom,7,Total,Total,Rural,7.582029278,6.050208478,4.08978185,7.204478356,8.634109598,
Rep.Dom,8,CINE-1,Educación primaria,Total,2.665626643,3.066344967,3.475422008,3.845513054,5.063772049,
Rep.Dom,8,CINE-1,Educación primaria,Hombres,2.506613904,2.812201037,3.137326555,3.52566495,4.714756623,
Rep.Dom,8,CINE-1,Educación primaria,Mujeres,2.830134434,3.32994877,3.824433325,4.160289922,5.414555699,
Rep.Dom,8,CINE-2,Educación secundaria baja,Total,1.566370974,1.935322268,2.118169579,2.466924721,3.278629239,
Rep.Dom,8,CINE-2,Educación secundaria baja,Hombres,1.422687662,1.665410184,1.884611388,2.228154282,2.880910147,
Rep.Dom,8,CINE-2,Educación secundaria baja,Mujeres,1.704182775,2.185369075,2.337554596,2.665859747,3.63559008,
Rep.Dom,8,CINE-3,Educación secundaria alta,Total,1.253305965,1.309978067,1.485732475,1.681693649,1.898639385,
Rep.Dom,8,CINE-3,Educación secundaria alta,Hombres,1.187012147,1.259783298,1.436487639,1.553292792,1.700351129,
Rep.Dom,8,CINE-3,Educación secundaria alta,Mujeres,1.302774427,1.347247915,1.524308802,1.775699322,2.040292317,
Rep.Dom,8,Total,Total,Total,1.935498503,2.255925366,2.521461378,2.843869999,3.729504737,
Rep.Dom,8,Total,Total,Hombres,1.832768128,2.083292761,2.324927519,2.653533923,3.47506863,
Rep.Dom,8,Total,Total,Mujeres,2.031418572,2.415129242,2.705254038,3.008443474,3.957399756,
Rep.Dom,4,Total,Total,Total,63.38694418,60.03800397,68.58081813,75.18405459,60.41702667,
Uruguay,3,CINE-02,Educación pre-primaria,Total,,,0.762705157,0.870013782,,
Uruguay,3,CINE-02,Educación pre-primaria,Hombres,,,0.834398256,0.86596329,,
Uruguay,3,CINE-02,Educación pre-primaria,Mujeres,,,0.69689777,0.874280655,,
Uruguay,3,CINE-1,Educación primaria,Total,,,1.58054152,1.460686903,,
Uruguay,3,CINE-1,Educación primaria,Hombres,,,1.606417708,1.488507608,,
Uruguay,3,CINE-1,Educación primaria,Mujeres,,,1.553232165,1.431108541,,
Uruguay,3,CINE-2,Educación secundaria baja,Total,,0.112817019,0.158972754,0.320080665,,
Uruguay,3,CINE-2,Educación secundaria baja,Hombres,,0.09578755,0.12771546,0.349691243,,
Uruguay,3,CINE-2,Educación secundaria baja,Mujeres,,0.130348541,0.19143186,0.290321822,,
Uruguay,3,CINE-3,Educación secundaria alta,Total,,0.057928955,0.085316196,0.431104833,,
Uruguay,3,CINE-3,Educación secundaria alta,Hombres,,0.057295413,0.069228107,0.49866168,,
Uruguay,3,CINE-3,Educación secundaria alta,Mujeres,,0.058471594,0.100175841,0.373445715,,
Uruguay,3,Total,Total,Total,,,0.787718195,0.876753185,,
Uruguay,3,CINE-3,Educación secundaria alta,Hombres,,,0.812117139,0.922493074,,
Uruguay,3,CINE-3,Educación secundaria alta,Mujeres,,,0.763452967,0.83113802,,
Uruguay,5,CINE-1,Educación primaria,Total,,,,,4.499771585,
Uruguay,5,CINE-1,Educación primaria,Hombres,,,,,5.089169204,
Uruguay,5,CINE-1,Educación primaria,Mujeres,,,,,3.848003848,
Uruguay,5,CINE-1,Educación primaria,Urbano,,,,,4.59039548,
Uruguay,5,CINE-1,Educación primaria,Rural,,,,,1.538461538,
Uruguay,5,CINE-2,Educación secundaria baja,Total,,,,,2.747252747,
Uruguay,5,CINE-2,Educación secundaria baja,Hombres,,,,,4.682274247,
Uruguay,5,CINE-2,Educación secundaria baja,Mujeres,,,,,0.4048583,
Uruguay,5,CINE-2,Educación secundaria baja,Urbano,,,,,,
Uruguay,5,CINE-2,Educación secundaria baja,Rural,,,,,,
Uruguay,5,CINE-3,Educación secundaria alta,Total,,,,,13.18537859,
Uruguay,5,CINE-3,Educación secundaria alta,Hombres,,,,,14.95098039,
Uruguay,5,CINE-3,Educación secundaria alta,Mujeres,,,,,11.17318436,
Uruguay,5,CINE-3,Educación secundaria alta,Urbano,,,,,,
Uruguay,5,Total,Total,Rural,,,,,,
Uruguay,5,Total,Total,Total,,,,,5.500878735,
Uruguay,5,CINE-3,Educación secundaria alta,Hombres,,,,,6.387225549,
Uruguay,5,CINE-3,Educación secundaria alta,Mujeres,,,,,4.508196721,
Uruguay,5,CINE-3,Educación secundaria alta,Urbano,,,,,,
Uruguay,5,CINE-3,Educación secundaria alta,Rural,,,,,,
Uruguay,6,CINE-02,Educación pre-primaria,Total,,,0,0,0,
Uruguay,6,CINE-02,Educación pre-primaria,Hombres,,,0,0,0,
Uruguay,6,CINE-02,Educación pre-primaria,Mujeres,,,0,0,0,
Uruguay,6,CINE-02,Educación pre-primaria,Urbano,,,0,0,0,
Uruguay,6,CINE-02,Educación pre-primaria,Rural,,,0,0,0,
Uruguay,6,CINE-1,Educación primaria,Total,,,3.470575555,3.837368661,4.056706652,
Uruguay,6,CINE-1,Educación primaria,Hombres,,,4.337050805,4.393214441,4.309252218,
Uruguay,6,CINE-1,Educación primaria,Mujeres,,,2.524797115,3.222703223,3.787195672,
Uruguay,6,CINE-1,Educación primaria,Urbano,,,3.481152993,3.813559322,4.055881027,
Uruguay,6,CINE-1,Educación primaria,Rural,,,3.100775194,4.615384615,4.081632653,
Uruguay,6,CINE-2,Educación secundaria baja,Total,,,47.87644788,21.42857143,19.25042589,
Uruguay,6,CINE-2,Educación secundaria baja,Hombres,,,83.01886792,25.08361204,22.49134948,
Uruguay,6,CINE-2,Educación secundaria baja,Mujeres,,,23.52941176,17.00404858,16.10738255,
Uruguay,6,CINE-2,Educación secundaria baja,Urbano,,,,,,
Uruguay,6,CINE-2,Educación secundaria baja,Rural,,,,,,
Uruguay,7,CINE-1,Educación primaria,Total,,,,,10.51254089,
Uruguay,7,CINE-1,Educación primaria,Hombres,,,,,11.02661597,
Uruguay,7,CINE-1,Educación primaria,Mujeres,,,,,9.96393147,
Uruguay,7,CINE-1,Educación primaria,Urbano,,,,,10.38756196,
Uruguay,7,CINE-1,Educación primaria,Rural,,,,,14.28571429,
Uruguay,7,CINE-2,Educación secundaria baja,Total,,,,,43.27086882,
Uruguay,7,CINE-2,Educación secundaria baja,Hombres,,,,,44.98269896,
Uruguay,7,CINE-2,Educación secundaria baja,Mujeres,,,,,41.61073826,
Uruguay,7,CINE-2,Educación secundaria baja,Urbano,,,,,,
Uruguay,7,CINE-2,Educación secundaria baja,Rural,,,,,,
Uruguay,7,CINE-3,Educación secundaria alta,Total,,,,,39.00966184,
Uruguay,7,CINE-3,Educación secundaria alta,Hombres,,,,,41.46341463,
Uruguay,7,CINE-3,Educación secundaria alta,Mujeres,,,,,36.07427056,
Uruguay,7,CINE-3,Educación secundaria alta,Urbano,,,,,,
Uruguay,7,CINE-3,Educación secundaria alta,Rural,,,,,,
Uruguay,7,Total,Total,Total,,,,,17.65,
Uruguay,7,Total,Total,Hombres,,,,,18.60315417,
Uruguay,7,Total,Total,Mujeres,,,,,16.62633944,
Uruguay,7,Total,Total,Urbano,,,,,,
Uruguay,7,Total,Total,Rural,,,,,,
Uruguay,8,CINE-1,Educación primaria,Total,,,2.448129619,2.21869642,2.268382821,
Uruguay,8,CINE-1,Educación primaria,Hombres,,,2.442649755,2.245508982,2.249560633,
Uruguay,8,CINE-1,Educación primaria,Mujeres,,,2.453891841,2.190471188,2.287784679,
Uruguay,8,CINE-2,Educación secundaria baja,Total,,,0.235312271,0.186567164,,
Uruguay,8,CINE-2,Educación secundaria baja,Hombres,,,0.173726009,0.134431188,,
Uruguay,8,CINE-2,Educación secundaria baja,Mujeres,,,0.289121793,0.231447997,,
Uruguay,8,CINE-3,Educación secundaria alta,Total,,,0.050705654,0.070345474,,
Uruguay,8,CINE-3,Educación secundaria alta,Hombres,,,0.023775559,0.128700129,,
Uruguay,8,CINE-3,Educación secundaria alta,Mujeres,,,0.065556575,0.036891294,,
Uruguay,8,Total,Total,Total,,,1.336652276,1.190736994,,
Uruguay,8,Total,Total,Hombres,,,1.411848562,1.28947656,2.249560633,
Uruguay,8,Total,Total,Mujeres,,,1.26918536,1.102573485,2.287784679,
Uruguay,4,Total,Total,Total,,,,,,
